period,treatment,flow.L.min_mean,flow.L.min_sd,par_mean,par_sd,pH_mean,pH_sd,sal.psu.cor_mean,sal.psu.cor_sd,temp.C_mean,temp.C_sd
Spawning,Parent,NA,NA,306,109.95453605922768,8.05681902009466,0.010644924457744186,35.013111111111115,0.058051701094799436,27.76,0.18814887722226756
Embryo Rearing,Ambient,0.28400000000000003,0.0419870109785049,20.333333333333332,16.902962608002664,8.064491662975982,0.008650836179407078,35.09111111111111,0.034515277020851054,27.637916666666666,0.13383894171294314
Embryo Rearing,High,0.293,0.03670521389765665,15.958333333333334,13.195780506980473,8.062682555077512,0.011968211367703397,35.09861111111111,0.03914854653307284,27.585833333333333,0.12179514756760394
Embryo Rearing,Parent,NA,NA,72.75,64.29813372097203,8.065654229111233,0.01629165026217755,35.06611111111111,0.0939858145324796,27.975,0.21563858652847823
Exposure,Ambient,0.33325,0.067233046998449,11.944444444444445,9.594558643082836,8.054992856260753,0.00565179207651501,35.069722222222225,0.04567881287040633,27.069583333333334,0.32937990708057174
Exposure,High,0.32725,0.07134438828058193,12.555555555555555,7.8006200524454705,8.01468615413656,0.008508060698630124,35.10597222222222,0.08583010875233706,29.490833333333335,0.3757880608357146
